,0
0,Type
1,Age
2,Gender
3,MaturitySize
4,FurLength
5,Health
6,Quantity
7,Fee
8,VideoAmt
9,PhotoAmt
10,breed1_1
11,breed1_3
12,breed1_5
13,breed1_7
14,breed1_10
15,breed1_11
16,breed1_15
17,breed1_16
18,breed1_17
19,breed1_18
20,breed1_19
21,breed1_20
22,breed1_21
23,breed1_23
24,breed1_24
25,breed1_25
26,breed1_26
27,breed1_31
28,breed1_32
29,breed1_39
30,breed1_42
31,breed1_44
32,breed1_49
33,breed1_50
34,breed1_56
35,breed1_58
36,breed1_60
37,breed1_61
38,breed1_64
39,breed1_65
40,breed1_69
41,breed1_70
42,breed1_71
43,breed1_72
44,breed1_75
45,breed1_76
46,breed1_78
47,breed1_81
48,breed1_82
49,breed1_83
50,breed1_85
51,breed1_88
52,breed1_93
53,breed1_97
54,breed1_98
55,breed1_99
56,breed1_100
57,breed1_102
58,breed1_103
59,breed1_105
60,breed1_108
61,breed1_109
62,breed1_111
63,breed1_114
64,breed1_117
65,breed1_119
66,breed1_122
67,breed1_123
68,breed1_125
69,breed1_128
70,breed1_129
71,breed1_130
72,breed1_132
73,breed1_139
74,breed1_141
75,breed1_143
76,breed1_145
77,breed1_146
78,breed1_147
79,breed1_148
80,breed1_150
81,breed1_152
82,breed1_154
83,breed1_155
84,breed1_165
85,breed1_167
86,breed1_169
87,breed1_173
88,breed1_176
89,breed1_178
90,breed1_179
91,breed1_182
92,breed1_185
93,breed1_187
94,breed1_188
95,breed1_189
96,breed1_190
97,breed1_192
98,breed1_195
99,breed1_197
100,breed1_199
101,breed1_200
102,breed1_201
103,breed1_202
104,breed1_203
105,breed1_204
106,breed1_205
107,breed1_206
108,breed1_207
109,breed1_212
110,breed1_213
111,breed1_214
112,breed1_215
113,breed1_217
114,breed1_218
115,breed1_224
116,breed1_227
117,breed1_228
118,breed1_231
119,breed1_232
120,breed1_233
121,breed1_234
122,breed1_237
123,breed1_239
124,breed1_240
125,breed1_241
126,breed1_242
127,breed1_243
128,breed1_244
129,breed1_245
130,breed1_246
131,breed1_247
132,breed1_248
133,breed1_249
134,breed1_250
135,breed1_251
136,breed1_252
137,breed1_253
138,breed1_254
139,breed1_256
140,breed1_257
141,breed1_260
142,breed1_262
143,breed1_263
144,breed1_264
145,breed1_265
146,breed1_266
147,breed1_267
148,breed1_268
149,breed1_269
150,breed1_270
151,breed1_271
152,breed1_272
153,breed1_273
154,breed1_274
155,breed1_276
156,breed1_277
157,breed1_279
158,breed1_280
159,breed1_281
160,breed1_282
161,breed1_283
162,breed1_284
163,breed1_285
164,breed1_286
165,breed1_287
166,breed1_288
167,breed1_289
168,breed1_290
169,breed1_292
170,breed1_293
171,breed1_294
172,breed1_295
173,breed1_296
174,breed1_297
175,breed1_298
176,breed1_299
177,breed1_300
178,breed1_301
179,breed1_302
180,breed1_303
181,breed1_304
182,breed1_305
183,breed1_306
184,breed1_307
185,breed2_1
186,breed2_2
187,breed2_4
188,breed2_5
189,breed2_10
190,breed2_14
191,breed2_16
192,breed2_17
193,breed2_18
194,breed2_19
195,breed2_20
196,breed2_21
197,breed2_24
198,breed2_25
199,breed2_26
200,breed2_36
201,breed2_39
202,breed2_40
203,breed2_44
204,breed2_49
205,breed2_50
206,breed2_58
207,breed2_60
208,breed2_65
209,breed2_69
210,breed2_70
211,breed2_72
212,breed2_75
213,breed2_76
214,breed2_78
215,breed2_83
216,breed2_96
217,breed2_98
218,breed2_102
219,breed2_103
220,breed2_104
221,breed2_109
222,breed2_111
223,breed2_115
224,breed2_117
225,breed2_119
226,breed2_122
227,breed2_128
228,breed2_129
229,breed2_130
230,breed2_141
231,breed2_146
232,breed2_147
233,breed2_150
234,breed2_152
235,breed2_155
236,breed2_159
237,breed2_167
238,breed2_169
239,breed2_173
240,breed2_176
241,breed2_178
242,breed2_179
243,breed2_182
244,breed2_187
245,breed2_188
246,breed2_189
247,breed2_190
248,breed2_192
249,breed2_195
250,breed2_200
251,breed2_201
252,breed2_202
253,breed2_203
254,breed2_204
255,breed2_205
256,breed2_206
257,breed2_207
258,breed2_210
259,breed2_212
260,breed2_213
261,breed2_218
262,breed2_227
263,breed2_228
264,breed2_237
265,breed2_239
266,breed2_240
267,breed2_241
268,breed2_242
269,breed2_243
270,breed2_245
271,breed2_246
272,breed2_247
273,breed2_248
274,breed2_249
275,breed2_250
276,breed2_251
277,breed2_252
278,breed2_254
279,breed2_256
280,breed2_257
281,breed2_260
282,breed2_262
283,breed2_263
284,breed2_264
285,breed2_265
286,breed2_266
287,breed2_267
288,breed2_268
289,breed2_270
290,breed2_271
291,breed2_272
292,breed2_274
293,breed2_276
294,breed2_277
295,breed2_278
296,breed2_279
297,breed2_282
298,breed2_283
299,breed2_284
300,breed2_285
301,breed2_288
302,breed2_289
303,breed2_290
304,breed2_291
305,breed2_292
306,breed2_293
307,breed2_294
308,breed2_295
309,breed2_296
310,breed2_299
311,breed2_300
312,breed2_301
313,breed2_302
314,breed2_303
315,breed2_304
316,breed2_305
317,breed2_306
318,breed2_307
319,color1_2
320,color1_3
321,color1_4
322,color1_5
323,color1_6
324,color1_7
325,color2_2
326,color2_3
327,color2_4
328,color2_5
329,color2_6
330,color2_7
331,color3_3
332,color3_4
333,color3_5
334,color3_6
335,color3_7
336,vaccianted_2
337,vaccianted_3
338,dewormed_2
339,dewormed_3
340,sterilized_2
341,sterilized_3
342,state_41325
343,state_41326
344,state_41327
345,state_41330
346,state_41332
347,state_41335
348,state_41336
349,state_41342
350,state_41345
351,state_41361
352,state_41367
353,state_41401
354,state_41415
